Gen_1,Gen_2
973.27340,36.70472
904.78920,32.70916
1062.54000,37.78925
871.73720,39.49875
615.44750,21.84087
563.67160,22.65625
480.23250,1.52514
512.46280,16.41116
