y,pc1,pc2
3,-2.458,-0.4561
1,-1.1038,1.10157
4,1.1038,-1.10157
2,2.458,0.4561
